City_ID,City,Country,Date,Lat,Lng,Max Temp,Humidity,Cloudiness,Wind Speed
0,Kapaa,US,2021-10-06 00:21:26,22.0752,-159.319,82.72,69,20,5.99
1,Albany,US,2021-10-06 00:22:13,42.6001,-73.9662,60.39,95,100,0.67
2,Xuanhua,CN,2021-10-06 00:22:14,40.6103,115.0447,46.51,94,100,6.42
3,Pemangkat,ID,2021-10-06 00:22:14,1.1667,108.9667,79.84,84,100,8.75
4,Itoman,JP,2021-10-06 00:22:15,26.1247,127.6694,82.78,89,75,10.36
5,Marana,US,2021-10-06 00:19:53,32.4367,-111.2254,89.35,41,40,11.5
6,Punta Arenas,CL,2021-10-06 00:21:29,-53.15,-70.9167,41.11,65,0,8.05
7,Hilo,US,2021-10-06 00:16:44,19.7297,-155.09,82.13,73,20,11.5
8,Cabo San Lucas,MX,2021-10-06 00:20:07,22.8909,-109.9124,92.61,62,1,13.8
9,Lebu,CL,2021-10-06 00:21:39,-37.6167,-73.65,48.02,65,0,20.92
10,Mataura,NZ,2021-10-06 00:21:47,-46.1927,168.8643,66.47,57,99,5.77
11,Yellowknife,CA,2021-10-06 00:21:46,62.456,-114.3525,41.41,100,75,1.01
12,Chokurdakh,RU,2021-10-06 00:21:58,70.6333,147.9167,23.18,90,100,11.81
13,Asau,RO,2021-10-06 00:22:16,46.4333,26.4,40.75,71,0,0.2
14,Butaritari,KI,2021-10-06 00:22:17,3.0707,172.7902,81.86,70,23,13.06
15,Ostrovnoy,RU,2021-10-06 00:22:17,68.0531,39.5131,48.61,85,99,28.61
16,Alofi,NU,2021-10-06 00:22:17,-19.0595,-169.9187,80.49,74,75,11.5
17,Galle,LK,2021-10-06 00:17:18,6.0367,80.217,79.16,82,100,11.05
18,Kodiak,US,2021-10-06 00:21:18,57.79,-152.4072,49.51,81,90,5.75
19,Zyryanovsk,KZ,2021-10-06 00:22:18,49.7386,84.2719,35.78,100,100,4.68
20,Sturgis,US,2021-10-06 00:22:18,41.7992,-85.4192,67.89,57,40,5.75
21,Fortuna,US,2021-10-06 00:22:19,40.5982,-124.1573,68.47,69,90,1.99
22,Jamestown,US,2021-10-06 00:20:54,42.097,-79.2353,65.08,93,90,1.99
23,Atuona,PF,2021-10-06 00:21:37,-9.8,-139.0333,78.35,76,64,20.11
24,Mikhaylovka,RU,2021-10-06 00:22:20,50.06,43.2379,36.75,56,0,9.75
25,Grindavik,IS,2021-10-06 00:22:20,63.8424,-22.4338,42.75,81,75,9.22
26,Cuamba,MZ,2021-10-06 00:22:20,-14.8031,36.5372,71.28,60,11,2.28
27,Kirensk,RU,2021-10-06 00:22:21,57.7853,108.1119,29.91,88,99,2.19
28,Bonfim,BR,2021-10-06 00:21:32,3.0833,-59.95,84.18,56,88,7.96
29,Tasiilaq,GL,2021-10-06 00:22:21,65.6145,-37.6368,33.96,75,14,7.63
30,Rocha,UY,2021-10-06 00:22:22,-34.4833,-54.3333,53.31,75,0,6.51
31,Hobyo,SO,2021-10-06 00:22:22,5.3505,48.5268,78.35,86,12,19.26
32,Manta,EC,2021-10-06 00:22:22,-0.95,-80.7333,74.98,78,40,6.91
33,Neuquen,AR,2021-10-06 00:22:23,-38.9516,-68.0591,51.69,43,75,12.66
34,Georgetown,MY,2021-10-06 00:21:28,5.4112,100.3354,78.73,92,40,0.0
35,Blagoyevo,RU,2021-10-06 00:21:14,63.3667,47.9167,39.52,88,65,8.01
36,Lensk,RU,2021-10-06 00:22:23,60.7253,114.9278,33.19,92,100,7.49
37,Ponta Do Sol,PT,2021-10-06 00:22:24,32.6667,-17.1,73.0,75,100,5.23
38,Salta,AR,2021-10-06 00:22:24,-24.7859,-65.4117,64.99,48,0,6.91
39,Rikitea,PF,2021-10-06 00:21:25,-23.1203,-134.9692,73.74,79,39,19.06
40,Arraial Do Cabo,BR,2021-10-06 00:21:41,-22.9661,-42.0278,70.18,90,100,16.13
41,Tiksi,RU,2021-10-06 00:22:25,71.6872,128.8694,27.57,94,100,4.43
42,Bredasdorp,ZA,2021-10-06 00:21:31,-34.5322,20.0403,57.27,88,11,4.61
43,Ushuaia,AR,2021-10-06 00:21:32,-54.8,-68.3,40.66,60,0,9.22
44,Nanortalik,GL,2021-10-06 00:22:25,60.1432,-45.2371,37.71,68,0,6.53
45,Vaini,TO,2021-10-06 00:21:24,-21.2,-175.2,80.76,78,40,9.22
46,Assiniboia,CA,2021-10-06 00:22:26,49.6334,-105.9845,78.62,13,15,5.75
47,Bengkulu,ID,2021-10-06 00:21:49,-3.8004,102.2655,75.16,88,100,2.73
48,Obihiro,JP,2021-10-06 00:22:27,42.9172,143.2044,53.01,85,94,1.86
49,Piet Retief,ZA,2021-10-06 00:22:27,-27.0071,30.8132,56.32,85,70,0.69
50,Hithadhoo,MV,2021-10-06 00:22:27,-0.6,73.0833,83.07,75,87,15.5
51,Victoria,HK,2021-10-06 00:19:26,22.2855,114.1577,85.32,67,4,1.01
52,Busselton,AU,2021-10-06 00:21:28,-33.65,115.3333,48.04,65,27,3.87
53,Gushikawa,JP,2021-10-06 00:22:28,26.3544,127.8686,81.99,83,40,16.11
54,Port Lincoln,AU,2021-10-06 00:22:28,-34.7333,135.8667,64.96,41,87,5.82
55,Saint George,US,2021-10-06 00:22:29,37.1041,-113.5841,72.07,77,40,12.66
56,Vanimo,PG,2021-10-06 00:22:29,-2.6741,141.3028,83.46,76,95,4.12
57,Souillac,MU,2021-10-06 00:22:30,-20.5167,57.5167,70.36,94,20,5.75
58,Boleslawiec,PL,2021-10-06 00:22:30,51.2642,15.5697,61.16,92,100,4.7
59,Hobart,AU,2021-10-06 00:21:25,-42.8794,147.3294,61.05,49,20,5.01
60,Tuktoyaktuk,CA,2021-10-06 00:21:24,69.4541,-133.0374,33.8,75,20,12.66
61,Ginda,IN,2021-10-06 00:22:31,30.6945,78.4932,57.15,60,0,6.15
62,Hermanus,ZA,2021-10-06 00:21:35,-34.4187,19.2345,57.9,92,10,10.65
63,Newcastle,AU,2021-10-06 00:17:31,-32.9272,151.7765,74.91,35,0,1.99
64,Castro,BR,2021-10-06 00:21:42,-24.7911,-50.0119,57.61,95,92,8.57
65,Ponta Delgada,PT,2021-10-06 00:22:31,37.7333,-25.6667,75.51,94,40,8.05
66,Lahat,ID,2021-10-06 00:22:32,-3.8,103.5333,72.46,87,99,1.77
67,Barrow,US,2021-10-06 00:21:27,71.2906,-156.7887,23.02,86,90,10.36
68,Natal,BR,2021-10-06 00:22:32,-5.795,-35.2094,79.45,83,0,12.66
69,West Bay,KY,2021-10-06 00:22:33,19.3667,-81.4167,83.07,82,20,1.99
70,Labrea,BR,2021-10-06 00:22:33,-7.2586,-64.7981,74.17,98,94,3.44
71,Atbasar,KZ,2021-10-06 00:22:34,51.8,68.3333,23.95,91,67,6.51
72,Carnarvon,AU,2021-10-06 00:22:34,-24.8667,113.6333,64.47,52,31,19.57
73,Khatanga,RU,2021-10-06 00:22:34,71.9667,102.5,30.09,98,100,6.35
74,Avarua,CK,2021-10-06 00:22:35,-21.2078,-159.775,78.85,69,20,17.27
75,Along,IN,2021-10-06 00:22:35,28.1667,94.7667,67.42,94,15,0.65
76,Sungaipenuh,ID,2021-10-06 00:22:35,-2.0833,101.3833,65.88,91,99,0.54
77,Shache,CN,2021-10-06 00:22:36,38.4167,77.2406,49.93,51,1,2.24
78,San Esteban,HN,2021-10-06 00:22:36,15.2,-85.75,85.1,95,95,3.56
79,Iqaluit,CA,2021-10-06 00:22:37,63.7506,-68.5145,38.93,80,90,18.01
80,Upernavik,GL,2021-10-06 00:21:26,72.7868,-56.1549,29.73,52,100,5.46
81,Calvinia,ZA,2021-10-06 00:22:37,-31.4707,19.776,57.09,22,41,7.85
82,Quatre Cocos,MU,2021-10-06 00:22:38,-20.2078,57.7625,70.09,80,40,5.66
83,Ribeira Grande,PT,2021-10-06 00:22:38,38.5167,-28.7,72.59,90,100,14.12
84,Tahta,EG,2021-10-06 00:22:39,26.7693,31.5021,71.38,46,0,12.41
85,Betioky,MG,2021-10-06 00:22:39,-23.7167,44.3833,63.88,74,2,8.97
86,Garissa,KE,2021-10-06 00:22:39,-0.4536,39.6401,73.35,79,57,13.91
87,Grafton,US,2021-10-06 00:22:40,42.207,-71.6856,57.42,86,90,3.44
88,Polunochnoye,RU,2021-10-06 00:22:41,60.8697,60.4153,30.87,93,98,4.25
89,Cherskiy,RU,2021-10-06 00:21:50,68.75,161.3,15.75,94,99,4.76
90,Inuvik,CA,2021-10-06 00:22:41,68.3499,-133.7218,34.66,80,75,4.61
91,Tiznit,MA,2021-10-06 00:22:42,29.5833,-9.5,74.39,35,77,1.59
92,Talcahuano,CL,2021-10-06 00:22:42,-36.7167,-73.1167,53.28,66,0,11.5
93,Vardo,NO,2021-10-06 00:22:42,70.3705,31.1107,50.22,81,99,27.72
94,Thompson,CA,2021-10-06 00:21:36,55.7435,-97.8558,51.96,35,75,8.05
95,Panaba,MX,2021-10-06 00:22:44,21.2833,-88.2667,77.56,86,89,6.6
96,Nome,US,2021-10-06 00:22:44,64.5011,-165.4064,44.67,93,90,13.8
97,Nikolskoye,RU,2021-10-06 00:21:44,59.7035,30.7861,48.87,77,91,11.36
98,Saint-Philippe,RE,2021-10-06 00:22:45,-21.3585,55.7679,69.39,82,24,5.46
99,Berlevag,NO,2021-10-06 00:22:45,70.8578,29.0864,49.44,80,68,23.69
100,Qaanaaq,GL,2021-10-06 00:22:46,77.484,-69.3632,25.93,81,100,5.82
101,Iskateley,RU,2021-10-06 00:22:46,67.6803,53.1512,40.87,89,0,18.63
102,Husavik,IS,2021-10-06 00:22:47,66.0449,-17.3389,37.31,83,100,5.06
103,Atar,MR,2021-10-06 00:22:47,20.5169,-13.0499,88.45,19,0,9.57
104,Puerto Ayora,EC,2021-10-06 00:22:48,-0.7393,-90.3518,69.55,90,67,7.0
105,Bintulu,MY,2021-10-06 00:22:48,3.1667,113.0333,75.61,94,40,3.44
106,Nishihara,JP,2021-10-06 00:22:49,26.1842,127.7558,82.06,89,75,10.36
107,Boulder City,US,2021-10-06 00:22:49,35.9786,-114.8325,77.72,33,1,10.36
108,Asfi,MA,2021-10-06 00:22:50,32.2994,-9.2372,69.03,65,88,18.14
109,Labuhan,ID,2021-10-06 00:22:50,-6.8844,112.2051,79.75,71,80,15.57
110,Port Hardy,CA,2021-10-06 00:22:51,50.6996,-127.4199,46.58,100,90,5.75
111,Airai,TL,2021-10-06 00:21:50,-8.9266,125.4092,73.74,39,72,2.19
112,Torbay,CA,2021-10-06 00:22:51,47.6666,-52.7314,47.57,81,90,10.36
113,Umba,RU,2021-10-06 00:22:51,66.6871,34.3429,46.9,90,90,15.68
114,Port Blair,IN,2021-10-06 00:22:52,11.6667,92.75,79.5,80,99,12.66
115,Kirakira,SB,2021-10-06 00:22:52,-10.4544,161.9205,84.38,71,90,8.5
116,Port Elizabeth,ZA,2021-10-06 00:18:53,-33.918,25.5701,59.29,88,0,9.22
117,Turinsk,RU,2021-10-06 00:22:53,58.0458,63.696,34.56,87,100,4.68
118,Sturgeon Falls,CA,2021-10-06 00:22:53,46.3646,-79.9326,61.09,76,0,1.74
119,Cape Town,ZA,2021-10-06 00:21:34,-33.9258,18.4232,61.11,62,0,3.0
120,Severo-Kurilsk,RU,2021-10-06 00:22:54,50.6789,156.125,44.85,67,57,21.34
121,Qixia,CN,2021-10-06 00:22:54,37.2975,120.8256,59.95,77,100,6.76
122,Zhezkazgan,KZ,2021-10-06 00:22:55,47.8043,67.7144,27.39,81,7,10.31
123,Takoradi,GH,2021-10-06 00:22:55,4.8845,-1.7554,76.96,91,99,5.26
124,Mosquera,CO,2021-10-06 00:22:55,4.7059,-74.2302,55.49,94,40,2.3
125,Bonthe,SL,2021-10-06 00:22:56,7.5264,-12.505,77.81,89,51,5.21
126,Bambous Virieux,MU,2021-10-06 00:22:56,-20.3428,57.7575,70.21,94,20,5.75
127,Kangaatsiaq,GL,2021-10-06 00:22:57,68.3065,-53.4641,33.04,68,100,10.65
128,Kununurra,AU,2021-10-06 00:21:31,-15.7667,128.7333,87.78,70,21,5.75
129,Paamiut,GL,2021-10-06 00:22:57,61.994,-49.6678,36.66,78,43,12.48
130,Arlington,US,2021-10-06 00:19:36,32.7357,-97.1081,82.53,41,1,4.61
131,Mannarakkat,IN,2021-10-06 00:22:58,10.9833,76.4667,76.55,98,100,2.84
132,Atambua,ID,2021-10-06 00:22:08,-9.1061,124.8925,82.49,52,38,1.32
133,Codrington,AU,2021-10-06 00:21:37,-38.2667,141.9667,59.07,59,37,14.52
134,Durban,ZA,2021-10-06 00:20:39,-29.8579,31.0292,63.91,96,99,4.0
135,Westport,US,2021-10-06 00:22:59,41.1415,-73.3579,64.18,89,90,4.0
136,Lerwick,GB,2021-10-06 00:22:59,60.1545,-1.1494,48.2,82,100,12.68
137,Rocafuerte,EC,2021-10-06 00:23:00,-0.9167,-80.4333,75.07,73,66,6.44
138,Liwale,TZ,2021-10-06 00:23:00,-9.7667,37.9333,64.47,95,18,2.51
139,Lompoc,US,2021-10-06 00:23:00,34.6391,-120.4579,79.02,81,75,11.5
140,Truth Or Consequences,US,2021-10-06 00:20:55,33.1284,-107.2528,80.83,29,1,4.61
141,Elliot,ZA,2021-10-06 00:23:01,-31.3333,27.85,44.91,93,47,1.7
142,Coihaique,CL,2021-10-06 00:23:02,-45.5752,-72.0662,44.55,49,0,37.98
143,Alihe,CN,2021-10-06 00:23:02,50.5667,123.7167,40.17,66,4,2.93
144,Ustye,RU,2021-10-06 00:23:02,59.6304,39.736,37.02,88,5,6.8
145,Ledyard,US,2021-10-06 00:23:03,41.4398,-72.0142,60.3,83,90,5.75
146,Yar-Sale,RU,2021-10-06 00:23:04,66.8333,70.8333,37.15,88,43,10.89
147,Pinega,RU,2021-10-06 00:23:04,64.7001,43.3936,43.3,82,61,12.75
148,Horasan,TR,2021-10-06 00:23:05,40.0458,42.1728,45.41,81,99,1.41
149,Haines Junction,CA,2021-10-06 00:23:07,60.7522,-137.5108,40.95,45,89,4.61
150,Kijang,KR,2021-10-06 00:23:08,35.2442,129.2139,76.73,76,24,6.73
151,Kavieng,PG,2021-10-06 00:23:08,-2.5744,150.7967,78.69,90,100,14.52
152,Tsabong,BW,2021-10-06 00:23:09,-26.0217,22.401,64.65,45,0,10.56
153,Racale,IT,2021-10-06 00:23:09,39.9631,18.0938,64.27,82,53,11.77
154,Aklavik,CA,2021-10-06 00:23:10,68.2191,-135.0107,34.63,77,10,10.18
155,Khani,GE,2021-10-06 00:23:10,41.9563,42.9566,47.77,97,100,3.51
156,Norman Wells,CA,2021-10-06 00:23:11,65.282,-126.8329,33.84,80,75,5.75
157,Abu Zabad,SD,2021-10-06 00:23:11,12.35,29.25,79.03,29,51,8.5
158,Tonantins,BR,2021-10-06 00:23:12,-2.8731,-67.8022,75.0,98,100,2.64
159,Zachepylivka,UA,2021-10-06 00:23:12,49.1939,35.2394,46.62,73,70,10.94
160,Dudhani,IN,2021-10-06 00:23:13,17.3667,76.3667,75.88,86,100,7.11
161,Cidreira,BR,2021-10-06 00:21:43,-30.1811,-50.2056,59.23,63,0,11.65
162,Sembe,CG,2021-10-06 00:23:13,1.6481,14.5806,69.49,97,31,2.39
163,Marsa Matruh,EG,2021-10-06 00:23:14,31.3525,27.2453,70.5,67,0,12.03
164,Prince Rupert,CA,2021-10-06 00:23:14,54.3161,-130.3201,55.49,62,75,9.22
165,Concarneau,FR,2021-10-06 00:23:14,47.875,-3.9225,54.37,81,48,8.25
166,Surgut,RU,2021-10-06 00:23:15,61.25,73.4167,35.78,93,40,8.95
167,Kyaukse,MM,2021-10-06 00:23:15,21.6,96.1333,78.8,94,75,2.3
168,Kahului,US,2021-10-06 00:23:16,20.8947,-156.47,87.82,63,40,24.16
169,Ilulissat,GL,2021-10-06 00:21:51,69.2167,-51.1,23.94,65,95,9.66
170,La Ronge,CA,2021-10-06 00:23:17,55.1001,-105.2842,52.05,32,75,13.8
171,Port Alfred,ZA,2021-10-06 00:21:33,-33.5906,26.891,60.46,83,22,12.64
172,Buala,SB,2021-10-06 00:23:17,-8.145,159.5921,84.85,69,69,7.63
173,Kurilsk,RU,2021-10-06 00:23:18,45.2333,147.8833,48.96,54,17,6.49
174,Los Llanos De Aridane,ES,2021-10-06 00:23:18,28.6585,-17.9182,67.75,78,40,9.22
175,East London,ZA,2021-10-06 00:21:40,-33.0153,27.9116,59.23,85,24,7.18
176,Thio,NC,2021-10-06 00:23:19,-21.6167,166.2167,84.16,58,0,2.64
177,Skibotn,NO,2021-10-06 00:23:19,69.3913,20.2679,48.29,90,87,8.66
178,Tazovskiy,RU,2021-10-06 00:23:20,67.4667,78.7,40.42,95,100,19.73
179,Lilongwe,MW,2021-10-06 00:20:07,-13.9669,33.7873,70.93,43,13,6.17
180,Komsomolskiy,UZ,2021-10-06 00:23:21,40.4272,71.7189,54.32,71,40,2.3
181,Galesong,ID,2021-10-06 00:23:21,-5.3166,119.3661,80.62,72,100,12.93
182,Phangnga,TH,2021-10-06 00:23:21,8.4509,98.5298,82.9,92,100,3.0
183,Helena,US,2021-10-06 00:23:22,46.5927,-112.0361,79.79,17,1,3.44
184,Coquimbo,CL,2021-10-06 00:22:52,-29.9533,-71.3436,55.13,82,0,4.61
185,Chuy,UY,2021-10-06 00:23:23,-33.6971,-53.4616,52.92,79,0,7.67
186,Douglas,US,2021-10-06 00:23:23,41.3,-96.167,73.15,66,90,1.01
187,Katsuura,JP,2021-10-06 00:23:24,35.1333,140.3,78.84,69,80,1.14
188,Dingle,PH,2021-10-06 00:23:24,10.9995,122.6711,77.86,87,100,2.84
189,Vadamadurai,IN,2021-10-06 00:23:25,10.4667,78.0833,75.07,86,100,2.55
190,Bystryy Istok,RU,2021-10-06 00:23:25,52.371,84.3873,35.19,95,100,1.88
191,Thongwa,MM,2021-10-06 00:23:26,16.7619,96.5278,80.76,94,31,3.74
192,Salalah,OM,2021-10-06 00:23:26,17.0151,54.0924,80.69,89,75,5.75
193,Osakarovka,KZ,2021-10-06 00:23:27,50.565,72.5692,29.41,94,100,13.85
194,Praya,CV,2021-10-06 00:20:12,14.9215,-23.5087,79.34,83,20,11.5
195,Kargasok,RU,2021-10-06 00:23:27,59.0556,80.8572,27.01,85,74,5.08
196,Dauphin,CA,2021-10-06 00:23:28,51.1494,-100.0502,64.54,63,1,5.75
197,New Norfolk,AU,2021-10-06 00:21:58,-42.7826,147.0587,60.71,45,83,4.0
198,Vestmanna,FO,2021-10-06 00:23:28,62.1564,-7.1664,36.52,100,20,1.14
199,Mandera,KE,2021-10-06 00:23:29,3.9366,41.867,77.97,61,82,12.06
200,Peniche,PT,2021-10-06 00:23:29,39.3558,-9.3811,66.61,93,87,9.57
201,Lavrentiya,RU,2021-10-06 00:23:30,65.5833,-171.0,36.3,99,100,4.52
202,Faanui,PF,2021-10-06 00:21:48,-16.4833,-151.75,79.36,63,8,13.44
203,Dicabisagan,PH,2021-10-06 00:23:31,17.0818,122.4157,76.6,94,100,2.15
204,Terre Haute,US,2021-10-06 00:23:31,39.4667,-87.4139,70.97,84,1,3.44
205,Touros,BR,2021-10-06 00:23:31,-5.1989,-35.4608,79.7,80,26,14.03
206,Kingaroy,AU,2021-10-06 00:23:32,-26.5333,151.8333,77.05,27,0,5.44
207,Saalfeld,DE,2021-10-06 00:23:32,50.65,11.3667,56.14,87,87,11.5
208,Vallenar,CL,2021-10-06 00:23:33,-28.5708,-70.7581,62.55,53,0,2.82
209,San Rafael,AR,2021-10-06 00:23:33,-34.6177,-68.3301,64.08,16,0,16.71
210,Lagoa,PT,2021-10-06 00:23:34,39.05,-27.9833,72.01,84,85,10.02
211,Bethel,US,2021-10-06 00:21:41,41.3712,-73.414,61.99,88,90,4.61
212,Abbeville,FR,2021-10-06 00:23:34,50.1,1.8333,57.16,84,3,17.58
213,Novorzhev,RU,2021-10-06 00:23:34,57.0294,29.3338,45.86,78,92,10.0
214,Kavaratti,IN,2021-10-06 00:23:35,10.5669,72.642,81.82,80,99,15.21
215,Bluff,NZ,2021-10-06 00:21:31,-46.6,168.3333,66.79,79,100,5.19
216,Hargeysa,SO,2021-10-06 00:23:36,9.56,44.065,72.79,64,11,13.42
217,Miri,MY,2021-10-06 00:23:36,4.4148,114.0089,75.34,94,40,8.05
218,Arman,RU,2021-10-06 00:23:37,59.7,150.1667,32.41,38,0,9.19
219,Mar Del Plata,AR,2021-10-06 00:17:47,-38.0023,-57.5575,64.42,55,0,13.8
220,Saldanha,ZA,2021-10-06 00:23:37,-33.0117,17.9442,57.25,67,15,9.01
221,Rio Gallegos,AR,2021-10-06 00:21:42,-51.6226,-69.2181,41.05,52,0,10.36
222,Warburton,PK,2021-10-06 00:23:38,31.55,73.8333,80.8,68,0,3.98
223,Vao,NC,2021-10-06 00:23:38,-22.6667,167.4833,72.16,84,19,2.51
224,Makasar,ID,2021-10-06 00:22:02,-5.14,119.4221,80.65,78,20,3.44
225,Berezivka,UA,2021-10-06 00:23:39,47.2043,30.9078,48.22,62,18,8.7
226,Altamira,BR,2021-10-06 00:21:05,-3.2033,-52.2064,81.12,54,90,3.4
227,Pisco,PE,2021-10-06 00:21:30,-13.7,-76.2167,62.65,82,91,16.11
228,Leningradskiy,RU,2021-10-06 00:23:40,69.3833,178.4167,30.45,98,100,8.59
229,Cap Malheureux,MU,2021-10-06 00:23:40,-19.9842,57.6142,70.47,82,34,1.01
230,Clyde River,CA,2021-10-06 00:23:41,70.4692,-68.5914,34.03,100,90,5.75
231,Tinqueux,FR,2021-10-06 00:23:41,49.25,3.9833,51.82,82,0,6.91
232,Naze,JP,2021-10-06 00:23:41,28.3667,129.4833,81.52,67,76,16.33
233,Andilamena,MG,2021-10-06 00:23:42,-17.0167,48.5833,55.54,93,25,3.33
234,Lorengau,PG,2021-10-06 00:23:42,-2.0226,147.2712,79.41,86,100,5.19
235,South Lake Tahoe,US,2021-10-06 00:23:43,38.9332,-119.9844,69.73,36,1,11.5
236,San Patricio,US,2021-10-06 00:23:43,28.017,-97.5169,84.29,40,0,7.27
237,Sobolevo,RU,2021-10-06 00:23:44,54.4299,31.8996,40.33,88,0,8.19
238,Goderich,CA,2021-10-06 00:23:44,43.7501,-81.7165,63.21,88,18,3.44
239,Biloela,AU,2021-10-06 00:23:45,-24.4167,150.5,80.01,16,0,10.0
240,Sukumo,JP,2021-10-06 00:23:45,32.9333,132.7333,76.32,61,7,3.65
241,Kathor,IN,2021-10-06 00:23:46,21.3,72.9333,79.79,80,91,4.7
242,Manggar,ID,2021-10-06 00:23:46,-2.8833,108.2667,80.44,78,100,3.62
243,Palmares Do Sul,BR,2021-10-06 00:23:47,-30.2578,-50.5097,55.81,69,0,8.9
244,Rosamorada,MX,2021-10-06 00:23:47,22.1222,-105.2058,84.18,83,42,4.94
245,Lebane,RS,2021-10-06 00:23:48,42.9239,21.7375,59.59,80,0,2.04
246,Esperance,AU,2021-10-06 00:23:48,-33.8667,121.9,55.24,62,97,8.97
247,Saskylakh,RU,2021-10-06 00:23:48,71.9167,114.0833,20.34,97,100,2.73
248,Celestun,MX,2021-10-06 00:23:49,20.8667,-90.4,81.95,73,28,8.5
249,Kitui,KE,2021-10-06 00:23:49,-1.367,38.0106,60.66,90,97,5.17
250,Encantado,BR,2021-10-06 00:23:50,-29.2361,-51.8697,52.14,91,4,1.54
251,Longyearbyen,SJ,2021-10-06 00:21:29,78.2186,15.6401,37.24,75,75,13.8
252,Kenai,US,2021-10-06 00:23:50,60.5544,-151.2583,45.09,71,90,0.0
253,Waipawa,NZ,2021-10-06 00:23:50,-41.4122,175.5153,60.46,76,100,7.67
254,Tangwani,PK,2021-10-06 00:23:51,28.2787,68.9972,86.02,44,7,4.81
255,Santana,BR,2021-10-06 00:23:52,-0.0583,-51.1817,86.18,79,20,9.22
256,Olafsvik,IS,2021-10-06 00:21:35,64.8945,-23.7142,40.1,77,93,12.39
257,Sitka,US,2021-10-06 00:21:37,57.0531,-135.33,51.69,50,1,16.11
258,Namibe,AO,2021-10-06 00:23:52,-15.1961,12.1522,61.54,79,57,5.61
259,Magadan,RU,2021-10-06 00:23:52,59.5667,150.8,30.58,42,0,6.35
260,Bandundu,CD,2021-10-06 00:23:53,-3.3167,17.3667,70.5,97,82,2.06
261,Port-Gentil,GA,2021-10-06 00:23:54,-0.7193,8.7815,77.77,86,100,15.66
262,Tecoanapa,MX,2021-10-06 00:23:54,16.5167,-98.75,82.71,85,24,6.76
263,Chiang Khong,TH,2021-10-06 00:23:55,20.2613,100.4046,73.72,84,50,1.5
264,Caravelas,BR,2021-10-06 00:23:55,-17.7125,-39.2481,74.17,85,51,5.95
265,Barranca,PE,2021-10-06 00:23:55,-10.75,-77.7667,61.68,85,68,6.29
266,Makueni,KE,2021-10-06 00:23:56,-1.8041,37.6203,61.56,82,100,1.88
267,Portland,US,2021-10-06 00:23:32,45.5234,-122.6762,56.61,93,90,1.99
268,Kruisfontein,ZA,2021-10-06 00:23:56,-34.0033,24.7314,53.89,93,1,3.89
269,Saint-Ambroise,CA,2021-10-06 00:23:57,48.5501,-71.3324,50.58,86,0,1.32
270,Muros,ES,2021-10-06 00:23:57,42.7762,-9.0603,62.83,95,11,4.9
271,Khovu-Aksy,RU,2021-10-06 00:22:09,51.1333,93.6,30.16,61,92,2.75
272,Shimoda,JP,2021-10-06 00:23:58,34.6667,138.95,79.11,69,77,5.88
273,Ucluelet,CA,2021-10-06 00:19:54,48.9329,-125.5528,52.09,89,98,5.68
274,Muncar,ID,2021-10-06 00:23:58,-8.4333,114.3333,76.69,80,92,5.88
275,San Cristobal,VE,2021-10-06 00:23:59,7.7669,-72.225,78.98,97,86,2.89
276,Atasu,KZ,2021-10-06 00:23:59,48.6814,71.6433,26.24,83,56,12.62
277,Ivanovka,KG,2021-10-06 00:24:00,42.8878,75.085,30.63,99,100,5.93
278,Mitu,CO,2021-10-06 00:24:00,1.1983,-70.1733,74.19,96,100,2.1
279,Gopalur,IN,2021-10-06 00:24:01,16.6167,77.8,74.44,92,100,5.53
280,Anadyr,RU,2021-10-06 00:24:01,64.75,177.4833,34.3,100,75,11.01
281,Fereydunshahr,IR,2021-10-06 00:24:01,32.941,50.121,49.05,44,1,4.54
282,Ishinomaki,JP,2021-10-06 00:24:02,38.4167,141.3,69.8,77,100,11.14
283,Altay,CN,2021-10-06 00:24:02,47.8667,88.1167,44.46,48,100,3.49
284,Vestmannaeyjar,IS,2021-10-06 00:24:03,63.4427,-20.2734,43.34,91,100,27.38
285,Tuy Hoa,VN,2021-10-06 00:24:03,13.0833,109.3,76.23,93,100,6.22
286,Marawi,PH,2021-10-06 00:24:04,7.9986,124.2928,73.65,73,97,2.3
287,Moose Factory,CA,2021-10-06 00:24:04,51.2585,-80.6094,57.18,82,1,5.75
288,Kafr Sawm,JO,2021-10-06 00:24:05,32.6833,35.8,64.15,71,0,3.4
289,Pevek,RU,2021-10-06 00:24:05,69.7008,170.3133,28.08,92,100,18.97
290,Luderitz,NA,2021-10-06 00:21:42,-26.6481,15.1594,56.52,75,0,5.19
291,Tura,IN,2021-10-06 00:24:06,25.5198,90.2201,71.02,92,4,2.8
292,Santa Cruz,BO,2021-10-06 00:22:38,-17.8,-63.1667,76.46,57,17,11.5
293,Sao Filipe,CV,2021-10-06 00:24:06,14.8961,-24.4956,80.35,75,3,1.07
294,General Pico,AR,2021-10-06 00:24:07,-35.6566,-63.7568,64.92,34,58,19.89
295,Irbil,IQ,2021-10-06 00:24:07,36.1926,44.0106,62.42,27,0,2.3
296,Saucillo,MX,2021-10-06 00:24:08,28.0167,-105.2833,82.36,30,62,10.29
297,Chirongui,YT,2021-10-06 00:24:08,-12.9319,45.1483,75.13,80,27,3.62
298,La Vergne,US,2021-10-06 00:24:09,36.0156,-86.5819,71.08,92,40,5.75
299,Loreto,MX,2021-10-06 00:24:09,22.2667,-101.9667,66.54,59,93,12.53
300,Awbari,LY,2021-10-06 00:24:10,26.5921,12.7805,75.33,28,0,7.31
301,Isla Mujeres,MX,2021-10-06 00:24:10,21.2311,-86.731,84.25,71,22,8.66
302,Lasa,IT,2021-10-06 00:24:11,46.6166,10.7002,52.68,97,100,2.15
303,Kitami,JP,2021-10-06 00:24:11,43.8031,143.8908,56.48,77,88,1.88
304,Ibia,BR,2021-10-06 00:24:11,-19.4783,-46.5389,81.86,63,56,3.85
305,Srednekolymsk,RU,2021-10-06 00:24:12,67.45,153.6833,22.3,71,76,8.93
306,Clarence Town,AU,2021-10-06 00:24:12,-32.5833,151.7833,73.15,26,2,6.04
307,Dikson,RU,2021-10-06 00:21:56,73.5069,80.5464,36.1,96,99,16.67
308,Loa Janan,ID,2021-10-06 00:24:13,-0.583,117.095,78.57,90,83,3.38
309,Ugoofaaru,MV,2021-10-06 00:24:13,5.6667,73.0,82.72,76,100,17.16
310,Linqiong,CN,2021-10-06 00:24:13,30.4159,103.4609,65.79,96,100,5.03
311,Geraldton,AU,2021-10-06 00:21:30,-28.7667,114.6,59.41,51,52,17.27
312,Aberdeen,GB,2021-10-06 00:24:14,57.1437,-2.0981,50.49,95,75,17.27
313,Richards Bay,ZA,2021-10-06 00:24:15,-28.783,32.0377,65.73,91,100,3.53
314,Comodoro Rivadavia,AR,2021-10-06 00:24:15,-45.8667,-67.5,42.66,61,0,5.75
315,Urengoy,RU,2021-10-06 00:24:16,65.9667,78.3667,40.95,93,100,15.3
316,Angoche,MZ,2021-10-06 00:24:16,-16.2325,39.9086,74.64,85,6,7.4
317,Dawei,MM,2021-10-06 00:24:17,14.0833,98.2,75.88,95,100,1.92
318,Darnah,LY,2021-10-06 00:24:17,32.767,22.6367,71.42,65,0,25.05
319,Kalmunai,LK,2021-10-06 00:24:17,7.4167,81.8167,78.33,83,95,11.95
320,Matagami,CA,2021-10-06 00:24:18,49.7502,-77.6328,46.51,100,1,2.3
321,The Valley,AI,2021-10-06 00:24:18,18.217,-63.0578,83.1,75,44,23.31
322,Hasaki,JP,2021-10-06 00:24:19,35.7333,140.8333,77.29,80,20,10.98
323,Vangaindrano,MG,2021-10-06 00:24:19,-23.35,47.6,68.29,80,95,6.64
324,Shilovo,RU,2021-10-06 00:24:20,54.3204,40.874,37.08,70,1,5.97
325,San Jeronimo,PE,2021-10-06 00:24:21,-11.9472,-75.2829,52.99,72,89,4.54
326,Makat,KZ,2021-10-06 00:24:21,47.6469,53.3463,38.19,41,9,11.14
327,Usinsk,RU,2021-10-06 00:24:21,65.9939,57.5281,35.58,96,33,15.68
328,Kaitangata,NZ,2021-10-06 00:24:22,-46.2817,169.8464,57.31,78,100,14.2
329,Rathdrum,US,2021-10-06 00:24:22,47.8137,-116.892,74.46,44,1,0.0
330,Beringovskiy,RU,2021-10-06 00:24:23,63.05,179.3167,34.21,81,100,18.72
331,Boguchany,RU,2021-10-06 00:24:23,58.3814,97.4531,24.55,92,11,0.94
332,Harper,LR,2021-10-06 00:24:24,4.375,-7.7169,77.36,88,22,7.7
333,Lazaro Cardenas,MX,2021-10-06 00:21:44,17.9583,-102.2,82.69,85,94,6.58
334,Zhigansk,RU,2021-10-06 00:24:24,66.7697,123.3711,28.51,85,100,15.68
335,Praia Da Vitoria,PT,2021-10-06 00:24:25,38.7333,-27.0667,73.76,94,75,10.74
336,Oranjestad,AW,2021-10-06 00:20:09,12.524,-70.027,84.15,79,20,21.85
337,Dunedin,NZ,2021-10-06 00:24:25,-45.8742,170.5036,52.95,95,100,15.46
338,Erenhot,CN,2021-10-06 00:24:26,43.6475,111.9767,43.39,53,100,9.22
339,Yangambi,CD,2021-10-06 00:24:26,0.8102,24.4336,69.28,97,98,1.95
340,Marsh Harbour,BS,2021-10-06 00:24:27,26.5412,-77.0636,82.13,72,27,7.36
341,Dali,CN,2021-10-06 00:24:27,25.7,100.1833,61.16,93,65,2.04
342,Namatanai,PG,2021-10-06 00:24:28,-3.6667,152.4333,76.35,93,100,17.72
343,Iberia,US,2021-10-06 00:24:28,29.9502,-91.7507,78.87,83,1,3.44
344,Sibu,MY,2021-10-06 00:24:29,2.3,111.8167,75.51,94,40,5.75
345,Maun,BW,2021-10-06 00:24:29,-19.9833,23.4167,76.96,53,0,10.36
346,Ketchikan,US,2021-10-06 00:24:30,55.3422,-131.6461,52.27,50,1,8.05
347,Phan Thiet,VN,2021-10-06 00:24:30,10.9333,108.1,77.0,91,100,8.57
348,Narsaq,GL,2021-10-06 00:24:31,60.9167,-46.05,41.22,60,2,6.53
349,Hermosillo,MX,2021-10-06 00:24:31,29.0667,-110.9667,96.69,29,33,5.99
350,Pangnirtung,CA,2021-10-06 00:21:55,66.1451,-65.7125,35.8,86,99,4.25
351,Aripuana,BR,2021-10-06 00:24:32,-9.1667,-60.6333,75.99,88,88,4.03
352,Vila Velha,BR,2021-10-06 00:24:32,-20.3297,-40.2925,75.15,83,75,11.5
353,Santa Maria,BR,2021-10-06 00:21:32,-29.6842,-53.8069,61.9,72,0,5.75
354,Provideniya,RU,2021-10-06 00:22:00,64.3833,-173.3,39.31,87,90,8.95
355,Kidal,ML,2021-10-06 00:24:33,18.4411,1.4078,88.79,16,4,9.53
356,Tahoua,NE,2021-10-06 00:24:33,14.8888,5.2692,88.63,18,86,7.38
357,Saint Anthony,US,2021-10-06 00:24:33,45.0205,-93.218,70.93,66,1,1.99
358,Bluefield,US,2021-10-06 00:24:34,37.2698,-81.2223,66.24,95,90,3.44
359,Lingao,CN,2021-10-06 00:24:34,19.9103,109.6859,81.43,82,99,12.53
360,Semey,KZ,2021-10-06 00:24:35,50.4111,80.2275,28.62,93,40,4.47
361,Pathein,MM,2021-10-06 00:24:35,16.7833,94.7333,76.77,94,5,4.03
362,Atascadero,US,2021-10-06 00:24:35,35.4894,-120.6707,78.6,40,22,1.99
363,Mahebourg,MU,2021-10-06 00:24:36,-20.4081,57.7,70.25,94,20,5.75
364,Luganville,VU,2021-10-06 00:24:36,-15.5333,167.1667,84.31,68,40,3.49
365,Pimentel,PE,2021-10-06 00:24:37,-6.8367,-79.9342,63.45,86,41,14.7
366,Conde,BR,2021-10-06 00:24:37,-7.2597,-34.9075,76.46,88,20,6.91
367,Kashmor,PK,2021-10-06 00:24:38,28.4333,69.5833,87.39,45,9,6.42
368,Alikovo,RU,2021-10-06 00:24:38,55.7383,46.7549,31.87,73,77,1.12
369,Linguere,SN,2021-10-06 00:24:38,15.3953,-15.1193,80.82,83,0,4.61
370,Birao,CF,2021-10-06 00:24:39,10.2849,22.7882,73.65,63,67,3.11
371,Grand Gaube,MU,2021-10-06 00:24:39,-20.0064,57.6608,70.38,82,36,1.99
372,Hay River,CA,2021-10-06 00:24:40,60.8156,-115.7999,39.18,81,75,4.61
373,Soyo,AO,2021-10-06 00:24:40,-6.1349,12.3689,75.06,79,98,5.5
374,Oviedo,ES,2021-10-06 00:24:40,43.3603,-5.8448,56.28,95,100,0.98
375,Purpe,RU,2021-10-06 00:24:41,64.4803,76.6897,37.96,94,100,11.18
376,Hofn,IS,2021-10-06 00:24:41,64.2539,-15.2082,39.33,68,100,8.61
377,Rawson,AR,2021-10-06 00:24:42,-43.3002,-65.1023,45.54,58,80,22.5
378,Bubaque,GW,2021-10-06 00:24:42,11.2833,-15.8333,83.12,70,89,3.67
379,Poya,NC,2021-10-06 00:21:42,-21.35,165.15,83.43,55,1,7.45
380,Arrecife,ES,2021-10-06 00:24:43,28.963,-13.5477,73.47,73,75,10.36
381,Puerto Carreno,CO,2021-10-06 00:24:43,6.189,-67.4859,81.57,80,96,4.27
382,Camana,PE,2021-10-06 00:24:44,-16.6228,-72.7111,62.82,80,97,6.89
383,Nagato,JP,2021-10-06 00:24:44,34.3833,131.2,75.15,66,46,4.25
384,Port Hawkesbury,CA,2021-10-06 00:24:45,45.6169,-61.3485,54.59,96,1,2.3
385,Velsk,RU,2021-10-06 00:24:45,61.0701,42.0983,39.16,87,0,7.45
386,Broken Hill,AU,2021-10-06 00:24:46,-31.95,141.4333,73.11,16,0,12.66
387,Kinshasa,CD,2021-10-06 00:24:47,-4.3246,15.3215,73.78,88,100,2.3
388,Teguise,ES,2021-10-06 00:24:47,29.0605,-13.564,70.02,73,75,10.36
389,Dayong,CN,2021-10-06 00:24:48,25.0209,118.2898,83.88,73,13,4.81
390,Chicama,PE,2021-10-06 00:24:48,-7.8447,-79.1469,59.54,81,38,7.0
391,Itamarandiba,BR,2021-10-06 00:24:49,-17.8572,-42.8589,77.22,46,79,6.46
392,Coahuayana,MX,2021-10-06 00:24:49,18.7333,-103.6833,83.68,83,95,2.55
393,Berdigestyakh,RU,2021-10-06 00:24:50,62.0989,126.6992,30.99,74,59,6.85
394,Porto Novo,BJ,2021-10-06 00:20:21,6.4965,2.6036,82.22,88,100,5.91
395,Vaitape,PF,2021-10-06 00:24:50,-16.5167,-151.75,79.36,63,9,13.35
396,Kampene,CD,2021-10-06 00:24:51,-3.6,26.6667,68.31,99,99,2.73
397,Broome,US,2021-10-06 00:21:46,42.2506,-75.833,66.7,81,90,1.99
398,Ballangen,NO,2021-10-06 00:24:51,68.3428,16.8315,51.4,81,90,16.11
399,Pacific Grove,US,2021-10-06 00:24:52,36.6177,-121.9166,77.81,81,1,4.0
400,Wapi Pathum,TH,2021-10-06 00:24:52,15.8452,103.3768,78.69,85,99,5.03
401,Kaohsiung,TW,2021-10-06 00:24:53,22.6163,120.3133,83.03,77,75,1.99
402,Bonavista,CA,2021-10-06 00:24:53,48.6499,-53.1147,47.12,74,100,21.39
403,Osa,RU,2021-10-06 00:24:53,57.2829,55.4567,32.25,91,98,3.31
404,Roald,NO,2021-10-06 00:21:49,62.5833,6.1333,53.74,87,90,12.66
405,Florence,IT,2021-10-06 00:23:01,43.7667,11.25,63.64,92,75,2.3
406,San Ignacio,BZ,2021-10-06 00:24:54,17.1561,-89.0714,91.54,62,75,4.61
407,Kaeo,NZ,2021-10-06 00:21:54,-35.1,173.7833,71.33,78,100,7.14
408,Whitehorse,CA,2021-10-06 00:21:26,60.7161,-135.0538,43.57,48,75,11.99
409,Parambu,BR,2021-10-06 00:24:55,-6.2111,-40.6944,86.4,31,100,3.76
410,Calama,CL,2021-10-06 00:24:55,-22.4667,-68.9333,57.38,13,42,4.97
411,Ouesso,CG,2021-10-06 00:24:55,1.6136,16.0517,68.94,98,58,1.83
412,Pitimbu,BR,2021-10-06 00:24:56,-7.4706,-34.8086,77.59,81,47,12.12
413,Khandyga,RU,2021-10-06 00:24:56,62.6667,135.6,29.28,86,99,6.58
414,Korla,CN,2021-10-06 00:21:39,41.7597,86.1469,50.97,50,31,4.41
415,Leh,IN,2021-10-06 00:24:57,34.1667,77.5833,44.44,52,1,4.25
416,Riyadh,SA,2021-10-06 00:24:57,24.6877,46.7219,77.14,28,44,3.13
417,Camacha,PT,2021-10-06 00:24:58,33.0833,-16.3333,69.53,73,20,12.66
418,Sipe Sipe,BO,2021-10-06 00:24:59,-17.45,-66.3833,66.69,64,92,7.99
419,Olavarria,AR,2021-10-06 00:24:07,-36.8927,-60.3225,54.63,73,45,4.25
420,Chapais,CA,2021-10-06 00:24:59,49.7834,-74.8492,46.18,75,1,3.06
421,Beberibe,BR,2021-10-06 00:20:07,-4.1797,-38.1306,84.16,82,62,13.44
422,Huaihua,CN,2021-10-06 00:25:00,27.5494,109.9592,70.57,82,26,6.44
423,Bon Accord,CA,2021-10-06 00:25:00,53.8335,-113.4187,47.8,61,20,5.75
424,Havelock,US,2021-10-06 00:25:01,34.8791,-76.9013,78.78,87,1,3.44
425,Payo,ID,2021-10-06 00:25:01,-3.7508,103.6372,71.58,91,98,1.36
426,Muravlenko,RU,2021-10-06 00:25:01,63.7898,74.523,34.29,93,100,10.27
427,Derry,GB,2021-10-06 00:22:46,54.9981,-7.3093,43.36,93,98,3.71
428,Qarayeri,AZ,2021-10-06 00:25:06,40.7886,46.3066,52.68,82,90,2.3
429,Hamilton,US,2021-10-06 00:25:06,39.1834,-84.5333,73.72,83,1,0.0
430,Inhambane,MZ,2021-10-06 00:25:07,-23.865,35.3833,70.68,88,39,8.86
431,Nuevitas,CU,2021-10-06 00:25:07,21.5453,-77.2644,81.84,73,18,11.23
432,Kathu,TH,2021-10-06 00:21:21,7.9178,98.3332,82.69,99,100,12.88
433,Acari,PE,2021-10-06 00:25:08,-15.4311,-74.6158,68.13,70,94,3.67
434,Bilibino,RU,2021-10-06 00:25:08,68.0546,166.4372,15.12,91,100,2.95
435,Tezu,IN,2021-10-06 00:25:09,27.9167,96.1667,73.92,74,78,1.41
436,Alyangula,AU,2021-10-06 00:25:09,-13.8483,136.4192,87.67,55,40,4.61
437,Guerrero Negro,MX,2021-10-06 00:20:23,27.9769,-114.0611,75.42,66,0,17.58
438,Kayes,ML,2021-10-06 00:25:10,14.0,-11.0,79.16,61,25,5.57
439,Porto Walter,BR,2021-10-06 00:25:11,-8.2686,-72.7439,72.91,98,95,4.81
440,Golden,US,2021-10-06 00:23:28,39.7555,-105.2211,76.69,25,1,5.01
441,Magalia,US,2021-10-06 00:25:12,39.8121,-121.5783,78.35,16,88,3.0
442,French Harbor,HN,2021-10-06 00:25:12,16.35,-86.4333,84.2,87,75,1.99
443,Paracatu,BR,2021-10-06 00:25:13,-17.2222,-46.8747,82.67,32,37,1.5
444,Fayaoue,NC,2021-10-06 00:25:13,-20.65,166.5333,75.49,85,1,6.55
445,Dakar,SN,2021-10-06 00:21:00,14.6937,-17.4441,82.53,83,20,4.61
446,Tikapur,NP,2021-10-06 00:25:14,28.5,81.1333,80.04,84,0,3.11
447,Kholmy,UA,2021-10-06 00:25:14,51.871,32.6006,45.1,70,17,7.54
448,College,US,2021-10-06 00:25:15,64.8569,-147.8028,40.59,81,40,3.44
449,Hirara,JP,2021-10-06 00:25:15,24.8,125.2833,84.47,79,40,14.97
450,Chokwe,MZ,2021-10-06 00:25:16,-24.5333,32.9833,70.09,87,95,5.08
451,Barcelona,ES,2021-10-06 00:21:45,41.3888,2.159,67.77,78,20,1.01
452,Vila,PT,2021-10-06 00:25:16,42.0304,-8.1588,51.93,93,9,3.58
453,Tokur,RU,2021-10-06 00:25:17,53.1333,132.9,30.65,69,74,4.09
454,Ancud,CL,2021-10-06 00:25:17,-41.8697,-73.8203,45.93,65,1,7.38
455,Seredka,RU,2021-10-06 00:25:17,58.1584,28.1858,42.55,76,99,14.32
456,Abeche,TD,2021-10-06 00:25:18,13.8292,20.8324,79.21,23,60,6.69
457,Yatou,CN,2021-10-06 00:25:18,37.15,122.3833,64.65,77,100,8.28
458,Sorong,ID,2021-10-06 00:25:19,-0.8833,131.25,79.66,86,100,6.98
459,Qianan,CN,2021-10-06 00:25:19,44.9932,124.0581,46.78,52,83,4.41
460,Ngunguru,NZ,2021-10-06 00:25:20,-35.6167,174.5,71.17,78,97,10.6
461,Lashio,MM,2021-10-06 00:25:20,22.9333,97.75,65.14,97,21,1.48
462,Russell,US,2021-10-06 00:25:21,32.3502,-85.1999,70.97,90,40,3.44
463,Lahaina,US,2021-10-06 00:25:21,20.8783,-156.6825,87.8,68,6,10.47
464,Turayf,SA,2021-10-06 00:25:21,31.6725,38.6637,64.65,42,0,6.91
465,Tefe,BR,2021-10-06 00:25:22,-3.3542,-64.7114,80.85,75,95,0.72
466,Ketrzyn,PL,2021-10-06 00:25:22,54.0768,21.3753,53.29,46,5,22.08
467,Tuatapere,NZ,2021-10-06 00:21:35,-46.1333,167.6833,66.81,64,100,2.3
468,Buin,CL,2021-10-06 00:25:23,-33.7333,-70.75,65.73,49,0,3.44
469,Aksu,CN,2021-10-06 00:25:23,41.1231,80.2644,51.21,52,83,5.23
470,Sheltozero,RU,2021-10-06 00:25:24,61.3667,35.3667,44.64,80,97,13.33
471,Pleshanovo,RU,2021-10-06 00:25:24,52.8333,53.4833,38.68,49,100,4.79
472,Hualmay,PE,2021-10-06 00:25:25,-11.0964,-77.6139,62.87,84,66,7.27
473,Krasnoselkup,RU,2021-10-06 00:25:26,65.7,82.4667,37.49,98,100,16.08
474,Singaraja,ID,2021-10-06 00:21:05,-8.112,115.0882,79.97,75,51,7.65
475,Viedma,AR,2021-10-06 00:20:30,-40.8135,-62.9967,47.46,56,86,18.81
476,Andreyevo,RU,2021-10-06 00:25:26,55.9465,41.1505,34.79,79,0,4.76
477,Bereda,ES,2021-10-06 00:25:27,43.2686,-7.5406,53.58,100,99,0.45
478,Karasjok,NO,2021-10-06 00:25:27,69.4719,25.5112,50.11,85,57,22.46
479,Ptolemais,GR,2021-10-06 00:25:28,40.5147,21.6786,56.19,92,3,3.27
480,Merauke,ID,2021-10-06 00:25:28,-8.4667,140.3333,82.81,60,99,9.66
481,Kailua,US,2021-10-06 00:21:44,21.4022,-157.7394,89.58,64,40,12.66
482,Zykovo,RU,2021-10-06 00:25:28,55.9519,93.1461,23.74,89,22,1.61
483,Palana,RU,2021-10-06 00:25:29,59.1167,159.9667,31.41,94,100,18.19
484,Hokitika,NZ,2021-10-06 00:25:29,-42.7167,170.9667,55.04,92,100,4.52
485,Abha,SA,2021-10-06 00:25:30,18.2164,42.5053,66.02,59,0,0.0
486,Margate,GB,2021-10-06 00:25:30,51.3813,1.3862,52.7,75,75,1.99
487,Xining,CN,2021-10-06 00:25:30,36.6167,101.7667,47.62,86,100,1.28
488,Coruripe,BR,2021-10-06 00:21:19,-10.1256,-36.1756,74.32,83,25,9.22
489,Bagdarin,RU,2021-10-06 00:25:31,54.4333,113.6,30.97,62,78,1.5
490,Raga,SS,2021-10-06 00:25:32,8.4596,25.678,71.64,70,31,3.36
491,Acapulco,MX,2021-10-06 00:21:00,16.8634,-99.8901,85.82,74,75,6.91
492,Bafq,IR,2021-10-06 00:25:32,31.6128,55.4107,75.49,17,0,5.73
493,Bichena,ET,2021-10-06 00:25:33,10.45,38.2,51.53,83,24,3.8
494,Vila Franca Do Campo,PT,2021-10-06 00:21:57,37.7167,-25.4333,75.2,91,95,7.05
495,Svetlaya,RU,2021-10-06 00:25:33,46.5389,138.3297,49.48,47,0,5.97
496,Boa Vista,BR,2021-10-06 00:25:34,2.8197,-60.6733,85.98,54,0,8.05
497,Verkhnyaya Inta,RU,2021-10-06 00:25:34,65.9811,60.3094,38.57,87,19,21.21
498,Faya,SA,2021-10-06 00:25:35,18.3851,42.4509,66.31,27,100,4.34
499,Ariquemes,BR,2021-10-06 00:25:35,-9.9133,-63.0408,72.66,98,100,1.7
500,Saint-Pierre,RE,2021-10-06 00:25:36,-21.3393,55.4781,69.48,79,90,2.3
501,Tilichiki,RU,2021-10-06 00:25:36,60.4667,166.1,31.8,65,100,15.43
502,Tarcau,RO,2021-10-06 00:25:36,46.8667,26.1333,41.14,73,1,3.6
503,San Juan De Los Morros,VE,2021-10-06 00:25:37,9.9115,-67.3538,74.64,81,99,3.27
504,Presidencia Roque Saenz Pena,AR,2021-10-06 00:25:37,-26.7852,-60.4388,62.33,46,88,5.14
505,San Fernando,PH,2021-10-06 00:25:38,15.0286,120.6898,80.96,94,100,2.1
506,Severomuysk,RU,2021-10-06 00:25:38,56.1481,113.4267,21.0,74,60,2.75
507,Rongcheng,CN,2021-10-06 00:25:39,30.634,117.8517,71.26,85,90,2.95
508,Syracuse,IT,2021-10-06 00:25:39,37.0881,15.2792,66.88,73,89,6.55
509,Yashkino,RU,2021-10-06 00:25:40,55.8736,85.4265,27.55,82,26,12.1
510,Libenge,CD,2021-10-06 00:25:40,3.65,18.6333,69.35,92,65,1.86
511,Grand-Santi,GF,2021-10-06 00:25:41,4.25,-54.3833,77.38,79,72,2.71
512,San Ramon,US,2021-10-06 00:25:41,37.7799,-121.978,81.37,49,1,1.99
513,Viramgam,IN,2021-10-06 00:25:42,23.1225,72.0484,79.03,68,57,7.25
514,Deputatskiy,RU,2021-10-06 00:25:42,69.3,139.9,21.63,77,100,11.03
515,Bolobo,CD,2021-10-06 00:25:43,-2.1667,16.2333,69.62,97,73,0.22
516,Nkhotakota,MW,2021-10-06 00:25:43,-12.9274,34.2961,75.87,58,1,5.14
517,Isangel,VU,2021-10-06 00:21:53,-19.55,169.2667,81.79,73,6,1.92
518,Abu Samrah,SY,2021-10-06 00:25:44,35.3029,37.1841,62.53,70,0,4.03
519,Starodub,RU,2021-10-06 00:25:44,52.5844,32.7633,43.72,78,5,8.01
520,Maniitsoq,GL,2021-10-06 00:25:44,65.4167,-52.9,37.2,69,100,12.62
521,Cairns,AU,2021-10-06 00:25:45,-16.9167,145.7667,89.94,63,40,5.75
522,Mweka,CD,2021-10-06 00:25:45,-4.85,21.5667,67.77,99,86,0.87
523,Ihosy,MG,2021-10-06 00:25:46,-22.4,46.1167,61.7,92,50,6.4
524,Malanje,AO,2021-10-06 00:25:46,-9.5402,16.341,67.1,84,97,1.7
525,Sakakah,SA,2021-10-06 00:25:46,29.9697,40.2064,74.77,30,0,10.58
526,Santa Cruz Cabralia,BR,2021-10-06 00:25:47,-16.2781,-39.0247,77.23,83,20,8.05
527,Qianjiang,CN,2021-10-06 00:25:47,30.4151,112.8859,62.71,79,51,12.39
528,Jiazi,CN,2021-10-06 00:25:47,22.8779,116.067,79.41,73,14,13.22
529,Le Port,RE,2021-10-06 00:25:48,-20.9373,55.2919,69.8,82,43,5.19
530,Strzelce Krajenskie,PL,2021-10-06 00:25:48,52.8773,15.5298,55.11,93,100,5.14
531,Saint-Gabriel,CA,2021-10-06 00:25:49,46.3001,-73.3824,55.09,65,0,2.62
532,Pishin,PK,2021-10-06 00:25:49,30.5803,66.9961,63.36,32,0,3.13
533,Road Town,VG,2021-10-06 00:25:50,18.4167,-64.6167,84.24,74,40,13.8
534,Mount Isa,AU,2021-10-06 00:25:50,-20.7333,139.5,89.37,9,43,14.97
535,Kirovsk,UA,2021-10-06 00:25:50,48.6375,38.6428,43.16,53,10,13.15
536,Hudiksvall,SE,2021-10-06 00:25:51,61.729,17.1036,50.52,99,100,5.46
537,Ulaanbaatar,MN,2021-10-06 00:25:51,47.9077,106.8832,41.13,36,0,2.24
538,Loukhi,RU,2021-10-06 00:25:52,66.0764,33.0381,47.3,90,100,12.5
539,Iztapa,GT,2021-10-06 00:25:52,13.9333,-90.7075,86.05,74,40,0.0
540,Sorland,NO,2021-10-06 00:25:53,67.667,12.6934,50.77,79,48,18.95
541,Klaksvik,FO,2021-10-06 00:25:53,62.2266,-6.589,38.32,76,91,7.63
542,Gazli,UZ,2021-10-06 00:25:53,40.1333,63.45,46.24,34,45,17.74
543,Sabha,LY,2021-10-06 00:25:54,27.0377,14.4283,74.25,30,0,10.89
544,Estevan,CA,2021-10-06 00:25:55,49.1334,-102.9842,75.4,15,1,10.36
545,Talnakh,RU,2021-10-06 00:25:55,69.4865,88.3972,34.57,100,100,3.98
546,Alice Town,BS,2021-10-06 00:25:55,25.7167,-79.3,82.74,70,36,9.13
547,Bairiki,KI,2021-10-06 00:25:56,1.3292,172.9752,86.0,66,75,6.91
548,Mozarlandia,BR,2021-10-06 00:25:56,-14.7447,-50.5706,88.43,35,74,1.5
549,Mayo,US,2021-10-06 00:25:57,38.8876,-76.5119,72.21,91,90,5.99
550,Mount Gambier,AU,2021-10-06 00:25:57,-37.8333,140.7667,57.11,67,90,12.66
551,Hambantota,LK,2021-10-06 00:25:58,6.1241,81.1185,75.54,100,40,8.05
552,Trairi,BR,2021-10-06 00:24:26,-3.2778,-39.2689,79.21,79,77,11.12
553,Teya,RU,2021-10-06 00:25:58,60.3778,92.6267,25.81,89,68,2.35
554,Pabrade,LT,2021-10-06 00:25:59,55.0,25.7833,50.43,64,86,14.45
555,Aromashevo,RU,2021-10-06 00:25:59,56.8602,68.6375,27.68,94,90,5.57
556,Jobabo,CU,2021-10-06 00:26:00,20.9692,-76.2994,80.62,85,99,8.03
557,Alamos,MX,2021-10-06 00:26:00,27.0167,-108.9333,90.72,38,15,5.75
558,Makokou,GA,2021-10-06 00:26:00,0.5738,12.8642,68.97,99,73,1.32
559,Jimma,ET,2021-10-06 00:26:01,7.6667,36.8333,59.97,98,94,1.21
560,Nuuk,GL,2021-10-06 00:26:01,64.1835,-51.7216,34.41,93,75,12.66
561,Balkhash,KZ,2021-10-06 00:26:02,46.844,74.9804,23.61,80,0,8.95
562,Batemans Bay,AU,2021-10-06 00:26:02,-35.7167,150.1833,68.99,33,8,4.29
563,Bandarbeyla,SO,2021-10-06 00:26:03,9.4942,50.8122,77.58,87,67,22.97
564,Shirvan,AZ,2021-10-06 00:26:03,39.9509,48.8994,61.02,54,100,18.92
565,Jha Jha,IN,2021-10-06 00:26:03,24.7667,86.3667,77.11,90,71,3.27
566,Nelson Bay,AU,2021-10-06 00:26:04,-32.7167,152.15,73.29,40,1,8.34
567,Katima Mulilo,NA,2021-10-06 00:26:04,-17.5,24.2667,76.19,41,88,5.01
568,Brandfort,ZA,2021-10-06 00:26:05,-28.7001,26.4597,44.01,17,1,6.69
569,Barrancabermeja,CO,2021-10-06 00:26:05,7.0653,-73.8547,78.42,90,87,2.24
570,Sarai,RU,2021-10-06 00:26:06,53.7458,41.0213,38.43,72,2,6.08
